"snapshot_id","price_rank","merchant_alias","price","min_amount","max_amount","recent_order_num","recent_execute_rate","gap_from_best_pct","snapshot_median_price"
2378,1,"merchant_156",85.0000,1000.00,90000.00,403,100.000,0.0000,91.0000
2378,2,"merchant_199",85.0000,70000.00,1318207.63,62,95.000,0.0000,91.0000
2378,3,"merchant_218",85.7000,154000.00,154000.00,1514,100.000,0.8235,91.0000
2378,4,"merchant_038",86.2000,54000.00,54000.00,1367,100.000,1.4118,91.0000
2378,5,"merchant_083",86.2000,2058.00,2058.00,623,99.000,1.4118,91.0000
2378,6,"merchant_215",86.4600,21000.00,21000.00,1002,99.000,1.7176,91.0000
2378,7,"merchant_143",86.5000,50000.00,100000.00,533,100.000,1.7647,91.0000
2378,8,"merchant_189",86.5000,77500.00,77500.00,2326,99.000,1.7647,91.0000
2378,9,"merchant_073",86.5000,100800.00,100800.00,1216,100.000,1.7647,91.0000
2378,10,"merchant_100",86.6000,23500.00,23500.00,8183,99.000,1.8824,91.0000
2378,11,"merchant_028",86.6900,5000.00,7400.00,2435,100.000,1.9882,91.0000
2378,12,"merchant_225",86.6900,100000.00,500000.00,917,100.000,1.9882,91.0000
2378,13,"merchant_232",86.7000,18198.00,18198.01,641,100.000,2.0000,91.0000
2378,14,"merchant_054",86.8000,20000.00,20000.00,244,99.000,2.1176,91.0000
2378,15,"merchant_212",86.8000,20000.00,50000.00,1207,100.000,2.1176,91.0000
2378,16,"merchant_058",86.8500,1000.00,400000.00,6862,95.000,2.1765,91.0000
2378,17,"merchant_095",86.9000,627.00,200000.00,2286,100.000,2.2353,91.0000
2378,18,"merchant_140",86.9900,8000.00,11313.78,1370,99.000,2.3412,91.0000
2378,19,"merchant_202",87.0000,1000.00,5000.00,384,99.000,2.3529,91.0000
2378,20,"merchant_132",87.0000,10000.00,22200.00,1945,100.000,2.3529,91.0000
2378,21,"merchant_198",87.0000,5000.00,10000.00,981,98.000,2.3529,91.0000
2378,22,"merchant_081",87.0000,10000.00,40000.00,1550,99.000,2.3529,91.0000
2378,23,"merchant_136",87.0000,10000.00,60000.00,1769,99.000,2.3529,91.0000
2378,24,"merchant_033",87.0800,3000.00,5000.00,2434,100.000,2.4471,91.0000
2378,25,"merchant_129",87.1400,1000.00,15000.00,442,96.000,2.5176,91.0000
2378,26,"merchant_120",87.1400,25650.00,25650.00,773,98.000,2.5176,91.0000
2378,27,"merchant_233",87.1500,5000.00,30000.00,471,99.000,2.5294,91.0000
2378,28,"merchant_231",87.1900,20000.00,107570.00,777,100.000,2.5765,91.0000
2378,29,"merchant_178",87.1900,15000.00,35000.00,924,100.000,2.5765,91.0000
2378,30,"merchant_044",87.2000,200000.00,327600.00,760,99.000,2.5882,91.0000
2378,31,"merchant_206",87.2000,50000.00,100000.00,2182,100.000,2.5882,91.0000
2378,32,"merchant_222",87.2000,300000.00,500000.00,320,100.000,2.5882,91.0000
2378,33,"merchant_227",87.2900,50000.00,52400.00,508,100.000,2.6941,91.0000
2378,34,"merchant_148",87.3000,50000.00,100000.00,620,100.000,2.7059,91.0000
2378,35,"merchant_043",87.3000,20000.00,21000.00,1171,100.000,2.7059,91.0000
2378,36,"merchant_117",87.3000,3000.00,40000.00,1164,100.000,2.7059,91.0000
2378,37,"merchant_217",87.3000,500.00,25352.86,2542,100.000,2.7059,91.0000
2378,38,"merchant_076",87.3300,3000.00,120000.00,1904,100.000,2.7412,91.0000
2378,39,"merchant_087",87.3300,50000.00,50000.00,254,100.000,2.7412,91.0000
2378,40,"merchant_236",87.3400,10000.00,100000.00,2833,100.000,2.7529,91.0000
2378,41,"merchant_207",87.3500,20000.00,200000.00,462,99.000,2.7647,91.0000
2378,42,"merchant_224",87.3700,15000.00,87370.00,94,98.000,2.7882,91.0000
2378,43,"merchant_135",87.3700,15000.00,87370.00,65,100.000,2.7882,91.0000
2378,44,"merchant_182",87.3700,500.00,3237.05,1426,100.000,2.7882,91.0000
2378,45,"merchant_196",87.3800,10000.00,100000.00,1532,100.000,2.8000,91.0000
2378,46,"merchant_009",87.3900,43200.00,43200.00,1532,100.000,2.8118,91.0000
2378,47,"merchant_033",87.4000,20000.00,150000.00,2434,100.000,2.8235,91.0000
2378,48,"merchant_150",87.4800,500.00,30000.00,788,100.000,2.9176,91.0000
2378,49,"merchant_201",87.4900,10000.00,115735.00,169,99.000,2.9294,91.0000
2378,50,"merchant_221",87.5000,25400.00,25400.00,3138,99.000,2.9412,91.0000
2378,51,"merchant_131",87.5000,30000.00,159000.00,1013,100.000,2.9412,91.0000
2378,52,"merchant_062",87.5000,10000.00,100000.00,2384,100.000,2.9412,91.0000
2378,53,"merchant_169",87.5000,1000.00,100000.00,720,100.000,2.9412,91.0000
2378,54,"merchant_086",87.6000,20000.00,20000.00,489,99.000,3.0588,91.0000
2378,55,"merchant_037",87.6000,1000.00,300000.00,1025,100.000,3.0588,91.0000
2378,56,"merchant_085",87.6700,5000.00,85000.00,1517,100.000,3.1412,91.0000
2378,57,"merchant_068",87.7000,250000.00,500000.00,646,99.000,3.1765,91.0000
2378,58,"merchant_126",87.7000,5000.00,50000.00,751,99.000,3.1765,91.0000
2378,59,"merchant_127",87.7000,5000.00,100000.00,363,98.000,3.1765,91.0000
2378,60,"merchant_021",87.7000,200000.00,1600000.00,1630,100.000,3.1765,91.0000
2378,61,"merchant_048",87.7500,38000.00,52430.00,959,99.000,3.2353,91.0000
2378,62,"merchant_049",87.7700,500.00,100000.00,394,100.000,3.2588,91.0000
2378,63,"merchant_203",87.7900,15000.00,87790.00,145,100.000,3.2824,91.0000
2378,64,"merchant_165",87.8000,10000.00,100000.00,1000,98.000,3.2941,91.0000
2378,65,"merchant_048",87.8000,4000.00,13170.00,959,99.000,3.2941,91.0000
2378,66,"merchant_122",87.8000,100000.00,300000.00,17,100.000,3.2941,91.0000
2378,67,"merchant_101",87.9200,10000.00,37832.08,2589,99.000,3.4353,91.0000
2378,68,"merchant_151",87.9800,3000.00,43990.00,201,100.000,3.5059,91.0000
2378,69,"merchant_006",87.9800,49920.00,49920.00,395,99.000,3.5059,91.0000
2378,70,"merchant_040",87.9800,15000.00,63980.00,83,100.000,3.5059,91.0000
2378,71,"merchant_017",87.9800,30000.00,350000.00,491,100.000,3.5059,91.0000
2378,72,"merchant_160",87.9900,30000.00,235966.18,596,100.000,3.5176,91.0000
2378,73,"merchant_080",88.0000,40000.00,132000.00,411,99.000,3.5294,91.0000
2378,74,"merchant_032",88.0000,100000.00,546323.34,225,100.000,3.5294,91.0000
2378,75,"merchant_177",88.0000,25000.00,55600.00,1355,97.000,3.5294,91.0000
2378,76,"merchant_070",88.0000,20000.00,40000.00,361,99.000,3.5294,91.0000
2378,77,"merchant_001",88.0000,50000.00,907658.44,1693,100.000,3.5294,91.0000
2378,78,"merchant_065",88.0100,2500.00,50000.00,2390,100.000,3.5412,91.0000
2378,79,"merchant_171",88.1000,195000.00,582514.37,687,100.000,3.6471,91.0000
2378,80,"merchant_167",88.1400,49998.00,1000000.00,1452,99.000,3.6941,91.0000
2378,81,"merchant_183",88.1500,39999.00,376733.25,1805,100.000,3.7059,91.0000
2378,82,"merchant_110",88.1700,25000.00,200000.00,383,100.000,3.7294,91.0000
2378,83,"merchant_034",88.1800,15000.00,88180.00,187,98.000,3.7412,91.0000
2378,84,"merchant_159",88.1800,25000.00,1000000.00,1280,100.000,3.7412,91.0000
2378,85,"merchant_067",88.2500,20000.00,250000.00,590,100.000,3.8235,91.0000
2378,86,"merchant_097",88.3000,20000.00,237886.73,1603,99.000,3.8824,91.0000
2378,87,"merchant_207",88.3000,20000.00,350000.00,462,99.000,3.8824,91.0000
2378,88,"merchant_076",88.3400,10000.00,150000.00,1904,100.000,3.9294,91.0000
2378,89,"merchant_002",88.3900,30000.00,251399.27,260,98.000,3.9882,91.0000
2378,90,"merchant_101",88.4000,40000.00,358841.43,2589,99.000,4.0000,91.0000
2378,91,"merchant_139",88.4300,60000.00,509837.89,170,98.000,4.0353,91.0000
2378,92,"merchant_142",88.4500,3000.00,10000.00,368,97.000,4.0588,91.0000
2378,93,"merchant_204",88.4500,50000.00,680764.79,1025,100.000,4.0588,91.0000
2378,94,"merchant_025",88.4800,50000.00,785780.01,775,99.000,4.0941,91.0000
2378,95,"merchant_008",88.4900,30000.00,709900.01,987,100.000,4.1059,91.0000
2378,96,"merchant_078",88.5000,300000.00,1000000.00,1532,99.000,4.1176,91.0000
2378,97,"merchant_194",88.5000,50000.00,872292.64,2001,100.000,4.1176,91.0000
2378,98,"merchant_133",88.5000,10000.00,374465.12,565,98.000,4.1176,91.0000
2378,99,"merchant_097",88.5500,30000.00,242149.51,1603,99.000,4.1765,91.0000
2378,100,"merchant_051",88.6000,30000.00,1047827.31,1207,98.000,4.2353,91.0000
2378,101,"merchant_108",88.6500,50000.00,600710.04,1348,100.000,4.2941,91.0000
2378,102,"merchant_216",88.7000,30000.00,190482.74,495,99.000,4.3529,91.0000
2378,103,"merchant_049",88.7400,500.00,100000.00,394,100.000,4.4000,91.0000
2378,104,"merchant_110",88.9000,10000.00,129226.62,383,100.000,4.5882,91.0000
2378,105,"merchant_004",88.9100,50000.00,1000000.00,547,99.000,4.6000,91.0000
2378,106,"merchant_161",89.0000,10000.00,40000.00,385,99.000,4.7059,91.0000
2378,107,"merchant_132",89.0000,50000.00,200000.00,1945,100.000,4.7059,91.0000
2378,108,"merchant_191",89.1400,150000.00,583497.05,72,98.000,4.8706,91.0000
2378,109,"merchant_103",89.2000,37000.00,590000.00,81,94.000,4.9412,91.0000
2378,110,"merchant_031",89.2000,10000.00,614599.68,186,99.000,4.9412,91.0000
2378,111,"merchant_093",89.2500,300000.00,2030375.37,2,50.000,5.0000,91.0000
2378,112,"merchant_175",89.3300,31000.00,40276.39,73,100.000,5.0941,91.0000
2378,113,"merchant_077",89.3500,20000.00,324910.82,430,99.000,5.1176,91.0000
2378,114,"merchant_120",89.3500,40000.00,400000.00,773,98.000,5.1176,91.0000
2378,115,"merchant_182",89.3600,500.00,3237.51,1426,100.000,5.1294,91.0000
2378,116,"merchant_063",89.3700,500.00,4085.10,1553,100.000,5.1412,91.0000
2378,117,"merchant_183",89.4000,20000.00,351122.68,1805,100.000,5.1765,91.0000
2378,118,"merchant_062",89.4400,20000.00,150000.00,2384,100.000,5.2235,91.0000
2378,119,"merchant_207",89.4500,20000.00,384736.39,462,99.000,5.2353,91.0000
2378,120,"merchant_029",89.5000,100000.00,716000.00,100,100.000,5.2941,91.0000
2378,121,"merchant_078",89.5000,100000.00,600000.00,1532,99.000,5.2941,91.0000
2378,122,"merchant_197",89.5000,20000.00,301810.64,682,98.000,5.2941,91.0000
2378,123,"merchant_223",89.6000,30000.00,500000.00,746,100.000,5.4118,91.0000
2378,124,"merchant_149",89.6000,10000.00,197131.31,353,100.000,5.4118,91.0000
2378,125,"merchant_049",89.7200,500.00,100000.00,394,100.000,5.5529,91.0000
2378,126,"merchant_061",89.8000,15000.00,800000.00,1045,100.000,5.6471,91.0000
2378,127,"merchant_096",89.8000,35000.00,192822.77,140,99.000,5.6471,91.0000
2378,128,"merchant_179",89.8000,500.00,5000.00,203,100.000,5.6471,91.0000
2378,129,"merchant_114",89.8100,36586.79,36586.79,190,100.000,5.6588,91.0000
2378,130,"merchant_030",89.8700,50000.00,600000.00,170,100.000,5.7294,91.0000
2378,131,"merchant_068",89.9000,20000.00,301254.09,646,99.000,5.7647,91.0000
2378,132,"merchant_048",89.9000,10000.00,65740.02,959,99.000,5.7647,91.0000
2378,133,"merchant_004",89.9800,50000.00,1000000.00,547,99.000,5.8588,91.0000
2378,134,"merchant_042",90.0000,26000.00,60000.00,1215,99.000,5.8824,91.0000
2378,135,"merchant_181",90.0000,10000.00,120252.71,86,100.000,5.8824,91.0000
2378,136,"merchant_155",90.0000,500.00,193964.65,207,99.000,5.8824,91.0000
2378,137,"merchant_099",90.0000,20000.00,32566.76,48,100.000,5.8824,91.0000
2378,138,"merchant_167",90.0000,20000.00,1080000.00,1452,99.000,5.8824,91.0000
2378,139,"merchant_187",90.0000,50000.00,990000.00,356,99.000,5.8824,91.0000
2378,140,"merchant_019",90.0000,8900.00,8900.00,923,100.000,5.8824,91.0000
2378,141,"merchant_007",90.0000,50000.00,904915.94,305,100.000,5.8824,91.0000
2378,142,"merchant_173",90.0000,20000.00,80707.79,511,87.000,5.8824,91.0000
2378,143,"merchant_174",90.0000,3000.00,95000.00,1500,100.000,5.8824,91.0000
2378,144,"merchant_090",90.0000,20000.00,401318.70,526,99.000,5.8824,91.0000
2378,145,"merchant_066",90.0000,10000.00,150000.00,1781,100.000,5.8824,91.0000
2378,146,"merchant_079",90.0000,50000.00,96874.09,1032,100.000,5.8824,91.0000
2378,147,"merchant_162",90.0000,30000.00,100000.00,854,100.000,5.8824,91.0000
2378,148,"merchant_157",90.0000,10000.00,396000.00,3629,99.000,5.8824,91.0000
2378,149,"merchant_175",90.0200,31000.00,40587.49,73,100.000,5.9059,91.0000
2378,150,"merchant_057",90.1500,1000.00,449917.43,61,100.000,6.0588,91.0000
2378,151,"merchant_144",90.1600,1000.00,979068.39,763,99.000,6.0706,91.0000
2378,152,"merchant_193",90.1700,1000.00,50000.00,74,93.000,6.0824,91.0000
2378,153,"merchant_021",90.2000,50000.00,2000000.00,1630,100.000,6.1176,91.0000
2378,154,"merchant_041",90.2000,17000.00,17810.21,847,99.000,6.1176,91.0000
2378,155,"merchant_182",90.2700,500.00,3237.08,1426,100.000,6.2000,91.0000
2378,156,"merchant_063",90.2800,500.00,4085.17,1553,100.000,6.2118,91.0000
2378,157,"merchant_015",90.3000,20000.00,561875.29,153,100.000,6.2353,91.0000
2378,158,"merchant_071",90.3000,50000.00,965417.68,295,100.000,6.2353,91.0000
2378,159,"merchant_144",90.3300,1000.00,1292127.24,763,99.000,6.2706,91.0000
2378,160,"merchant_175",90.4000,21000.00,40758.82,73,100.000,6.3529,91.0000
2378,161,"merchant_051",90.4000,10000.00,1069115.00,1207,98.000,6.3529,91.0000
2378,162,"merchant_055",90.4300,13000.00,100000.00,94,100.000,6.3882,91.0000
2378,163,"merchant_056",90.4400,1000.00,187585.88,528,100.000,6.4000,91.0000
2378,164,"merchant_195",90.4900,15000.00,100000.00,258,99.000,6.4588,91.0000
2378,165,"merchant_102",90.5000,1500.00,129186.55,649,100.000,6.4706,91.0000
2378,166,"merchant_109",90.5000,50000.00,992717.98,157,100.000,6.4706,91.0000
2378,167,"merchant_005",90.7700,5000.00,130852.06,58,100.000,6.7882,91.0000
2378,168,"merchant_047",90.7900,50000.00,499000.00,794,98.000,6.8118,91.0000
2378,169,"merchant_096",90.8000,20000.00,194978.19,140,99.000,6.8235,91.0000
2378,170,"merchant_230",90.8000,1000.00,216711.12,252,100.000,6.8235,91.0000
2378,171,"merchant_230",90.8000,1000.00,196664.70,252,100.000,6.8235,91.0000
2378,172,"merchant_119",90.8500,5000.00,195556.27,19,95.000,6.8824,91.0000
2378,173,"merchant_130",90.8700,10000.00,492801.77,127,100.000,6.9059,91.0000
2378,174,"merchant_155",90.8700,500.00,198565.74,207,99.000,6.9059,91.0000
2378,175,"merchant_062",90.8700,10000.00,150000.00,2384,100.000,6.9059,91.0000
2378,176,"merchant_185",90.9000,40000.00,350000.00,1717,100.000,6.9412,91.0000
2378,177,"merchant_188",90.9000,80000.00,300000.00,957,99.000,6.9412,91.0000
2378,178,"merchant_046",90.9000,20000.00,350000.00,575,100.000,6.9412,91.0000
2378,179,"merchant_213",90.9000,999.00,406654.76,2769,100.000,6.9412,91.0000
2378,180,"merchant_184",91.0000,56000.00,56000.00,419,100.000,7.0588,91.0000
2378,181,"merchant_192",91.0000,100000.00,1500000.00,376,99.000,7.0588,91.0000
2378,182,"merchant_186",91.0000,30000.00,1092000.00,2078,100.000,7.0588,91.0000
2378,183,"merchant_187",91.0000,40000.00,1001000.00,356,99.000,7.0588,91.0000
2378,184,"merchant_034",91.0000,30000.00,267627.67,187,98.000,7.0588,91.0000
2378,185,"merchant_194",91.0000,30000.00,997445.09,2001,100.000,7.0588,91.0000
2378,186,"merchant_007",91.0000,40000.00,914970.56,305,100.000,7.0588,91.0000
2378,187,"merchant_159",91.0000,30000.00,1000000.00,1280,100.000,7.0588,91.0000
2378,188,"merchant_236",91.0000,3000.00,150000.00,2833,100.000,7.0588,91.0000
2378,189,"merchant_092",91.0000,5000.00,81844.09,146,100.000,7.0588,91.0000
2378,190,"merchant_018",91.1000,30000.00,354096.39,522,100.000,7.1765,91.0000
2378,191,"merchant_063",91.2300,500.00,4085.27,1553,100.000,7.3294,91.0000
2378,192,"merchant_163",91.3000,30000.00,200000.00,190,98.000,7.4118,91.0000
2378,193,"merchant_115",91.4000,1000.00,882734.54,2924,99.000,7.5294,91.0000
2378,194,"merchant_056",91.4400,1000.00,189660.02,528,100.000,7.5765,91.0000
2378,195,"merchant_024",91.4500,1000.00,171013.70,1197,100.000,7.5882,91.0000
2378,196,"merchant_164",91.4500,2000.00,78388.02,860,100.000,7.5882,91.0000
2378,197,"merchant_195",91.4900,10000.00,100000.00,258,99.000,7.6353,91.0000
2378,198,"merchant_180",91.5000,50000.00,1000000.00,2765,100.000,7.6471,91.0000
2378,199,"merchant_094",91.7000,1000.00,42519.11,25,83.000,7.8824,91.0000
2378,200,"merchant_124",91.7800,2000.00,12497.34,304,100.000,7.9765,91.0000
2378,201,"merchant_047",91.7900,35000.00,1563693.16,794,98.000,7.9882,91.0000
2378,202,"merchant_230",91.8000,500.00,237607.05,252,100.000,8.0000,91.0000
2378,203,"merchant_230",91.8000,500.00,238307.04,252,100.000,8.0000,91.0000
2378,204,"merchant_146",91.8800,5000.00,357416.63,1049,100.000,8.0941,91.0000
2378,205,"merchant_210",91.9000,10000.00,200000.00,584,100.000,8.1176,91.0000
2378,206,"merchant_185",91.9000,20000.00,300000.00,1717,100.000,8.1176,91.0000
2378,207,"merchant_213",91.9000,500.00,411128.41,2769,100.000,8.1176,91.0000
2378,208,"merchant_055",91.9400,7000.00,100000.00,94,100.000,8.1647,91.0000
2378,209,"merchant_121",91.9900,1000.00,725820.62,1181,99.000,8.2235,91.0000
2378,210,"merchant_106",92.0000,3000.00,200000.00,1245,98.000,8.2353,91.0000
2378,211,"merchant_155",92.0000,500.00,201034.97,207,99.000,8.2353,91.0000
2378,212,"merchant_052",92.0000,15000.00,300000.00,733,99.000,8.2353,91.0000
2378,213,"merchant_194",92.0000,20000.00,565717.17,2001,100.000,8.2353,91.0000
2378,214,"merchant_187",92.0000,30000.00,1012000.00,356,99.000,8.2353,91.0000
2378,215,"merchant_201",92.0000,30000.00,226122.43,169,99.000,8.2353,91.0000
2378,216,"merchant_034",92.0000,25000.00,270568.64,187,98.000,8.2353,91.0000
2378,217,"merchant_007",92.0000,30000.00,925025.18,305,100.000,8.2353,91.0000
2378,218,"merchant_170",92.0000,46000.00,46000.00,270,94.000,8.2353,91.0000
2378,219,"merchant_236",92.0000,3000.00,150000.00,2833,100.000,8.2353,91.0000
2378,220,"merchant_001",92.0000,20000.00,931750.15,1693,100.000,8.2353,91.0000
2378,221,"merchant_134",92.0000,18000.00,133058.12,1633,100.000,8.2353,91.0000
2378,222,"merchant_084",92.0100,10000.00,20000.00,181,93.000,8.2471,91.0000
2378,223,"merchant_018",92.1000,25000.00,357983.29,522,100.000,8.3529,91.0000
2378,224,"merchant_158",92.2000,1000.00,500000.00,1366,99.000,8.4706,91.0000
2378,225,"merchant_064",92.4000,500.00,216602.01,546,99.000,8.7059,91.0000
2378,226,"merchant_205",92.4000,10000.00,49148.35,140,100.000,8.7059,91.0000
2378,227,"merchant_056",92.4400,1000.00,191734.17,528,100.000,8.7529,91.0000
2378,228,"merchant_164",92.4500,1000.00,79245.19,860,100.000,8.7647,91.0000
2378,229,"merchant_180",92.5000,20000.00,1000000.00,2765,100.000,8.8235,91.0000
2378,230,"merchant_208",92.5000,20000.00,69009.56,191,99.000,8.8235,91.0000
2378,231,"merchant_050",92.5000,30000.00,200000.00,553,100.000,8.8235,91.0000
2378,232,"merchant_159",92.5000,20000.00,1000000.00,1280,100.000,8.8235,91.0000
2378,233,"merchant_128",92.5500,15000.00,90000.00,196,100.000,8.8824,91.0000
2378,234,"merchant_111",92.5500,20000.00,300000.00,508,100.000,8.8824,91.0000
2378,235,"merchant_185",92.9000,15000.00,250000.00,1717,100.000,9.2941,91.0000
2378,236,"merchant_210",92.9000,3000.00,300000.00,584,100.000,9.2941,91.0000
2378,237,"merchant_115",92.9000,500.00,1107900.03,2924,99.000,9.2941,91.0000
2378,238,"merchant_213",92.9000,850.00,415602.06,2769,100.000,9.2941,91.0000
2378,239,"merchant_055",92.9500,4000.00,100000.00,94,100.000,9.3529,91.0000
2378,240,"merchant_158",92.9700,30000.00,500000.00,1366,99.000,9.3765,91.0000
2378,241,"merchant_147",92.9800,20000.00,756557.89,174,98.000,9.3882,91.0000
2378,242,"merchant_112",93.0000,5000.00,1000000.00,2535,99.000,9.4118,91.0000
2378,243,"merchant_137",93.0000,10000.00,500000.00,2105,99.000,9.4118,91.0000
2378,244,"merchant_104",93.0000,10000.00,343500.01,8,100.000,9.4118,91.0000
2378,245,"merchant_102",93.0000,500.00,132391.17,649,100.000,9.4118,91.0000
2378,246,"merchant_203",93.0000,30000.00,243679.71,145,100.000,9.4118,91.0000
2378,247,"merchant_105",93.2500,5000.00,13449.31,652,99.000,9.7059,91.0000
2378,248,"merchant_047",93.3200,25000.00,1347773.49,794,98.000,9.7882,91.0000
2378,249,"merchant_033",93.3900,20000.00,200000.00,2434,100.000,9.8706,91.0000
2378,250,"merchant_166",93.4000,10000.00,500000.00,116,100.000,9.8824,91.0000
2378,251,"merchant_164",93.4500,500.00,80102.35,860,100.000,9.9412,91.0000
2378,252,"merchant_214",93.5000,15000.00,300000.00,53,100.000,10.0000,91.0000
2378,253,"merchant_152",93.5000,5000.00,9600.00,78,100.000,10.0000,91.0000
2378,254,"merchant_153",93.5000,10000.00,104718.27,1188,100.000,10.0000,91.0000
2378,255,"merchant_208",93.5500,9000.00,69792.91,191,99.000,10.0588,91.0000
2378,256,"merchant_141",93.5500,50000.00,150000.00,190,100.000,10.0588,91.0000
2378,257,"merchant_205",93.6000,10000.00,50000.00,140,100.000,10.1176,91.0000
2378,258,"merchant_185",93.9000,10000.00,100000.00,1717,100.000,10.4706,91.0000
2378,259,"merchant_069",93.9000,1000.00,59211.52,932,99.000,10.4706,91.0000
2378,260,"merchant_144",93.9800,1000.00,834171.29,763,99.000,10.5647,91.0000
2378,261,"merchant_176",93.9800,999.00,160000.00,4245,100.000,10.5647,91.0000
2378,262,"merchant_024",93.9900,3000.00,175763.60,1197,100.000,10.5765,91.0000
2378,263,"merchant_121",93.9900,1000.00,737754.98,1181,99.000,10.5765,91.0000
2378,264,"merchant_155",94.0000,500.00,868.48,207,99.000,10.5882,91.0000
2378,265,"merchant_107",94.0000,500.00,139705.15,5675,99.000,10.5882,91.0000
2378,266,"merchant_046",94.0000,10000.00,300000.00,575,100.000,10.5882,91.0000
2378,267,"merchant_022",94.0000,3135.00,3135.00,327,100.000,10.5882,91.0000
2378,268,"merchant_201",94.0000,25000.00,231038.13,169,99.000,10.5882,91.0000
2378,269,"merchant_234",94.0000,10000.00,200000.00,1174,99.000,10.5882,91.0000
2378,270,"merchant_050",94.0000,3500.00,27572.93,553,100.000,10.5882,91.0000
2378,271,"merchant_183",94.1500,10000.00,874376.39,1805,100.000,10.7647,91.0000
2378,272,"merchant_023",94.2200,10000.00,271258.55,81,98.000,10.8471,91.0000
2378,273,"merchant_214",94.2300,10000.00,455936.10,53,100.000,10.8588,91.0000
2378,274,"merchant_101",94.2300,20000.00,382507.11,2589,99.000,10.8588,91.0000
2378,275,"merchant_062",94.2300,3000.00,150000.00,2384,100.000,10.8588,91.0000
2378,276,"merchant_105",94.2500,5000.00,21825.74,652,99.000,10.8824,91.0000
2378,277,"merchant_047",94.3900,20000.00,1479869.99,794,98.000,11.0471,91.0000
2378,278,"merchant_210",94.4000,1000.00,200000.00,584,100.000,11.0588,91.0000
2378,279,"merchant_158",94.4000,1000.00,418738.89,1366,99.000,11.0588,91.0000
2378,280,"merchant_168",94.4400,35000.00,155000.00,555,100.000,11.1059,91.0000
2378,281,"merchant_220",94.5000,15000.00,723562.44,401,99.000,11.1765,91.0000
2378,282,"merchant_036",94.5000,500.00,686981.94,831,100.000,11.1765,91.0000
2378,283,"merchant_059",94.5000,10000.00,99492.94,220,92.000,11.1765,91.0000
2378,284,"merchant_205",94.6000,10000.00,50000.00,140,100.000,11.2941,91.0000
2378,285,"merchant_146",94.6200,3000.00,412548.32,1049,100.000,11.3176,91.0000
2378,286,"merchant_220",94.6500,10000.00,552818.07,401,99.000,11.3529,91.0000
2378,287,"merchant_026",94.7000,5000.00,205391.97,366,98.000,11.4118,91.0000
2378,288,"merchant_176",94.8300,850.00,160000.00,4245,100.000,11.5647,91.0000
2378,289,"merchant_235",94.8500,1000.00,52416.67,838,100.000,11.5882,91.0000
2378,290,"merchant_121",94.9600,1000.00,749254.55,1181,99.000,11.7176,91.0000
2378,291,"merchant_146",94.9800,4000.00,414117.94,1049,100.000,11.7412,91.0000
2378,292,"merchant_113",94.9900,3000.00,246180.70,377,100.000,11.7529,91.0000
2378,293,"merchant_154",94.9900,3000.00,339925.61,12,100.000,11.7529,91.0000
2378,294,"merchant_024",94.9900,2000.00,177633.62,1197,100.000,11.7529,91.0000
2378,295,"merchant_016",95.0000,5000.00,100000.00,2257,99.000,11.7647,91.0000
2378,296,"merchant_133",95.0000,50000.00,401968.20,565,98.000,11.7647,91.0000
2378,297,"merchant_123",95.0000,40000.00,500000.00,175,90.000,11.7647,91.0000
2378,298,"merchant_078",95.0000,20000.00,300000.00,1532,99.000,11.7647,91.0000
2378,299,"merchant_053",95.0000,70000.00,500000.00,75,97.000,11.7647,91.0000
2378,300,"merchant_072",95.0000,30000.00,100000.00,564,99.000,11.7647,91.0000
2378,301,"merchant_020",95.0000,4080.00,4080.00,253,99.000,11.7647,91.0000
2378,302,"merchant_025",95.0000,10000.00,822976.73,775,99.000,11.7647,91.0000
2378,303,"merchant_077",95.0000,7000.00,296394.22,430,99.000,11.7647,91.0000
2378,304,"merchant_149",95.0000,5000.00,209011.99,353,100.000,11.7647,91.0000
2378,305,"merchant_203",95.0000,25000.00,248920.14,145,100.000,11.7647,91.0000
2378,306,"merchant_186",95.0000,10000.00,966096.05,2078,100.000,11.7647,91.0000
2378,307,"merchant_050",95.0000,5000.00,20000.00,553,100.000,11.7647,91.0000
2378,308,"merchant_098",95.0000,10000.00,10480.00,378,99.000,11.7647,91.0000
2378,309,"merchant_045",95.0700,5000.00,10273.17,116,99.000,11.8471,91.0000
2378,310,"merchant_074",95.4400,1000.00,88104.83,300,100.000,12.2824,91.0000
2378,311,"merchant_220",95.5000,11000.00,481066.95,401,99.000,12.3529,91.0000
2378,312,"merchant_180",95.5000,5000.00,572962.64,2765,100.000,12.3529,91.0000
2378,313,"merchant_172",95.5000,50000.00,1000000.00,575,100.000,12.3529,91.0000
2378,314,"merchant_168",95.5500,20000.00,155000.00,555,100.000,12.4118,91.0000
2378,315,"merchant_166",95.8000,3000.00,450000.00,116,100.000,12.7059,91.0000
2378,316,"merchant_060",95.9000,8000.00,90000.00,1062,98.000,12.8235,91.0000
2378,317,"merchant_108",95.9100,10000.00,623926.03,1348,100.000,12.8353,91.0000
2378,318,"merchant_111",95.9100,10000.00,20655.08,508,100.000,12.8353,91.0000
2378,319,"merchant_144",95.9400,1000.00,842152.67,763,99.000,12.8706,91.0000
2378,320,"merchant_138",95.9500,5000.00,100000.00,2619,99.000,12.8824,91.0000
2378,321,"merchant_121",95.9600,500.00,757144.76,1181,99.000,12.8941,91.0000
2378,322,"merchant_145",96.0000,8000.00,12500.00,327,100.000,12.9412,91.0000
2378,323,"merchant_035",96.0000,1000.00,28363.67,379,99.000,12.9412,91.0000
2378,324,"merchant_116",96.0000,5000.00,50000.00,289,99.000,12.9412,91.0000
2378,325,"merchant_069",96.0000,1000.00,68949.44,932,99.000,12.9412,91.0000
2378,326,"merchant_234",96.0000,10000.00,100000.00,1174,99.000,12.9412,91.0000
2378,327,"merchant_010",96.0000,19200.00,19200.00,447,99.000,12.9412,91.0000
2378,328,"merchant_219",96.0000,500000.00,1000000.00,613,100.000,12.9412,91.0000
2378,329,"merchant_082",96.0000,29100.00,29100.00,535,99.000,12.9412,91.0000
2378,330,"merchant_204",96.0600,10000.00,864627.34,1025,100.000,13.0118,91.0000
2378,331,"merchant_118",96.3400,5000.00,240850.00,183,100.000,13.3412,91.0000
2378,332,"merchant_027",96.4000,5000.00,100000.00,57,100.000,13.4118,91.0000
2378,333,"merchant_089",96.5000,3000.00,10000.00,538,99.000,13.5294,91.0000
2378,334,"merchant_149",96.5000,1000.00,212312.18,353,100.000,13.5294,91.0000
2378,335,"merchant_077",96.5000,2000.00,289574.15,430,99.000,13.5294,91.0000
2378,336,"merchant_156",96.5000,2000.00,443164.93,403,100.000,13.5294,91.0000
2378,337,"merchant_012",96.6600,7000.00,527501.87,171,100.000,13.7176,91.0000
2378,338,"merchant_209",96.6700,2000.00,60000.00,384,98.000,13.7294,91.0000
2378,339,"merchant_235",96.6700,500.00,67736.67,838,100.000,13.7294,91.0000
2378,340,"merchant_075",96.7000,5000.00,62154.06,242,100.000,13.7647,91.0000
2378,341,"merchant_229",96.7000,2000.00,19762.20,30,100.000,13.7647,91.0000
2378,342,"merchant_011",96.7000,1000.00,13516.65,99,85.000,13.7647,91.0000
2378,343,"merchant_211",96.7300,1000.00,59856.50,16,100.000,13.8000,91.0000
2378,344,"merchant_013",96.7500,15000.00,300000.00,99,100.000,13.8235,91.0000
2378,345,"merchant_237",96.7500,1000.00,401000.00,597,99.000,13.8235,91.0000
2378,346,"merchant_014",96.7600,500.00,500.00,137,100.000,13.8353,91.0000
2378,347,"merchant_125",96.7600,10000.00,150000.00,1065,99.000,13.8353,91.0000
2378,348,"merchant_128",96.7600,5000.00,90000.00,196,100.000,13.8353,91.0000
2378,349,"merchant_039",96.7600,20000.00,1451400.00,617,100.000,13.8353,91.0000
2378,350,"merchant_114",96.7600,10000.00,39319.79,190,100.000,13.8353,91.0000
2378,351,"merchant_200",96.7600,8000.00,50000.00,18,94.000,13.8353,91.0000
2378,352,"merchant_003",96.7600,5000.00,365941.50,362,100.000,13.8353,91.0000
2378,353,"merchant_220",96.7600,8000.00,663876.52,401,99.000,13.8353,91.0000
2378,354,"merchant_190",96.7600,10000.00,409223.62,33,100.000,13.8353,91.0000
2378,355,"merchant_210",96.7600,500.00,200000.00,584,100.000,13.8353,91.0000
2378,356,"merchant_238",96.7600,3000.00,91663.24,116,99.000,13.8353,91.0000
2378,357,"merchant_228",96.7600,20000.00,49820.18,2094,99.000,13.8353,91.0000
2378,358,"merchant_024",96.7600,1000.00,180943.57,1197,100.000,13.8353,91.0000
2378,359,"merchant_226",96.7600,10000.00,338660.00,294,98.000,13.8353,91.0000
2378,360,"merchant_164",96.7600,500.00,82939.58,860,100.000,13.8353,91.0000
2378,361,"merchant_088",96.7600,10000.00,473800.00,5973,99.000,13.8353,91.0000
2378,362,"merchant_156",96.7600,1000.00,444358.95,403,100.000,13.8353,91.0000
2378,363,"merchant_091",96.7600,2000.00,193520.00,1422,100.000,13.8353,91.0000
2378,364,"merchant_167",96.7600,10000.00,592181.37,1452,99.000,13.8353,91.0000
2378,365,"merchant_219",96.7600,50000.00,300000.00,613,100.000,13.8353,91.0000
